pc_timestamp_s,ipoc,override,vel_act,rpm_ext,robot_x_mm,robot_y_mm,robot_z_mm,robot_a_deg,robot_b_deg,robot_c_deg,aruco_timestamp_s,camera_lag_ms,visible_count,visible_ids,m0_rvec_x,m0_rvec_y,m0_rvec_z,m0_tvec_x_m,m0_tvec_y_m,m0_tvec_z_m,m1_rvec_x,m1_rvec_y,m1_rvec_z,m1_tvec_x_m,m1_tvec_y_m,m1_tvec_z_m,m2_rvec_x,m2_rvec_y,m2_rvec_z,m2_tvec_x_m,m2_tvec_y_m,m2_tvec_z_m,m3_rvec_x,m3_rvec_y,m3_rvec_z,m3_tvec_x_m,m3_tvec_y_m,m3_tvec_z_m,m4_rvec_x,m4_rvec_y,m4_rvec_z,m4_tvec_x_m,m4_tvec_y_m,m4_tvec_z_m
1771276690.0801682,739104,10,0,0,860.0,40.0,480.0,0.0,90.0,0.0,1771276690.0771823,2.9859542846679688,1,0,-1.9114619448568393,-1.9385716498463474,-1.2032166501113015,-0.5162332955931455,-0.5686971536488723,1.9211335368526263,,,,,,,,,,,,,,,,,,,,,,,,
1771276698.632245,747656,10,0,0,860.0,40.0,440.0,0.0,90.0,0.0,1771276698.6301367,2.108335494995117,1,0,2.1108705488448054,2.1821045093195504,-0.39447324662519495,0.6713841526969291,-0.5210326890565635,1.8273718718079406,,,,,,,,,,,,,,,,,,,,,,,,
1771276711.5520825,760576,10,0,0,860.0,40.0,440.0,0.0,90.0,24.0,1771276711.5461054,5.977153778076172,1,0,-1.911142837826144,-1.1679312953327663,0.24461196691190842,0.7342753342239898,-0.5475599850781366,1.8159087266845808,,,,,,,,,,,,,,,,,,,,,,,,
1771276728.847958,777872,10,0,0,860.0,40.0,440.0,0.0,90.0,-24.0,1771276728.8412323,6.725788116455078,1,0,1.6925720847874168,2.4315842213235634,-0.3672953049613212,0.5825084732756116,-0.5047057558429591,1.7815335943486783,,,,,,,,,,,,,,,,,,,,,,,,
1771276740.1639044,789188,10,0,0,860.0,40.0,440.0,-180.0,80.0,-180.0,1771276740.1603568,3.54766845703125,1,0,2.1074848127586194,2.0760622745972643,-0.3429653861515344,0.630605866309307,-0.5716430480404366,1.7237253168973394,,,,,,,,,,,,,,,,,,,,,,,,
1771276747.8785868,796904,10,0,0,860.0,40.0,440.0,0.0,86.6,0.0,1771276747.8726032,5.983591079711914,1,0,2.1143295476656316,2.0636886941617263,-0.2426591395122337,-0.4894582959935654,-0.4943921782025607,1.8353857260747877,,,,,,,,,,,,,,,,,,,,,,,,
1771276750.4789488,799500,10,0,0,860.0,40.0,440.0,0.0,80.5,0.0,1771276750.4444318,34.51704978942871,1,0,2.2007175361149334,2.114598077542369,-0.2645674101036168,0.7016781622596863,-0.46258415108889006,1.9029589307910482,,,,,,,,,,,,,,,,,,,,,,,,
1771276753.079713,802104,10,0,0,860.0,40.0,440.0,0.0,80.0,0.0,1771276753.0481367,31.57639503479004,1,0,-2.0448215517750596,-2.0012500564480424,-1.2541308752659346,-0.49708872615458644,-0.4461844996284115,1.8645892796050965,,,,,,,,,,,,,,,,,,,,,,,,
1771276755.6829956,804708,10,0,0,860.0,40.0,440.0,0.3,80.3,0.8,1771276755.652031,30.96461296081543,1,0,2.220834664474563,2.0946599141860958,-0.2621650695420069,0.6898434167041232,-0.44974244325699236,1.8642262060263834,,,,,,,,,,,,,,,,,,,,,,,,
1771276758.2832594,807308,10,0,0,860.0,40.1,440.0,4.6,83.3,11.1,1771276758.2561185,27.14085578918457,1,0,-1.713299174073955,-1.3819419796903856,-0.10544504465514122,0.7005041950664759,-0.4700210664122141,1.8260326777529632,,,,,,,,,,,,,,,,,,,,,,,,
1771276762.747253,811772,10,0,0,860.0,40.1,440.0,152.0,85.3,179.5,1771276762.732192,15.060901641845703,1,0,2.460942904072225,1.5315496724418682,-0.3863408791159094,-0.36787939895493244,-0.5407026757199734,1.6646637376917175,,,,,,,,,,,,,,,,,,,,,,,,
1771276765.3507602,814376,10,0,0,860.0,40.0,440.0,159.6,82.3,-166.9,1771276765.334514,16.246318817138672,1,0,2.5269995053500973,1.4126745551856288,-0.36685844572966664,-0.350843675038691,-0.5529064423727125,1.595145848806584,,,,,,,,,,,,,,,,,,,,,,,,
1771276767.9510133,816976,10,0,0,860.0,40.0,440.0,160.0,82.0,-166.0,1771276767.9390461,11.967182159423828,1,0,2.4827690807124974,1.4050494036022951,-0.3958687281468097,-0.3480840846248039,-0.5521431888940525,1.5845055569994724,,,,,,,,,,,,,,,,,,,,,,,,
1771276770.554911,819580,10,0,0,860.0,40.0,440.0,159.7,82.1,-166.9,1771276770.544288,10.622978210449219,1,0,-1.993071867382035,-1.0922661458299778,-1.233240456901715,-0.34770322226285455,-0.5484864758498337,1.579794155883077,,,,,,,,,,,,,,,,,,,,,,,,
1771276773.1590433,822184,10,0,0,860.0,39.9,440.0,155.6,83.4,-177.0,1771276773.1513956,7.64775276184082,1,0,-1.9424484663695074,-1.284769042991351,-1.1766232340384546,-0.36674405438129987,-0.5509191279887621,1.6504466798767978,,,,,,,,,,,,,,,,,,,,,,,,
1771276775.762846,824788,10,0,0,860.0,39.9,440.0,139.4,85.8,153.9,1771276775.7527895,10.056495666503906,1,0,-1.760899934798046,-1.20380374105997,-0.004259833279901846,0.7105991663956842,-0.5525374342393652,1.782809245500051,,,,,,,,,,,,,,,,,,,,,,,,
1771276780.0933309,829116,10,0,0,860.0,39.9,440.0,37.1,85.4,20.8,1771276780.0573888,35.94207763671875,1,0,1.8980710634772224,2.3777513525019223,-0.14177733965524086,-0.5401431121820898,-0.49414815311901905,1.8861058216193134,,,,,,,,,,,,,,,,,,,,,,,,
1771276782.694529,831720,10,0,0,860.0,39.9,440.0,23.6,83.1,-4.8,1771276782.694529,0.0,1,0,-1.3010249355003147,-1.9107942475515303,-0.30582249746289314,0.5935801531315344,-0.47036851084257325,1.8576414801057224,,,,,,,,,,,,,,,,,,,,,,,,
1771276785.294842,834320,10,0,0,860.0,40.0,440.0,20.1,82.1,-13.6,1771276785.2657752,29.066801071166992,1,0,-1.175215490666276,-1.8950727055348198,-0.4308254006499543,0.5425990937824358,-0.44572940996936583,1.7770149742477641,,,,,,,,,,,,,,,,,,,,,,,,
1771276787.9028037,836924,10,0,0,860.0,40.0,440.0,20.0,82.0,-14.0,1771276787.8742695,28.5341739654541,1,0,1.5911533038131107,2.575301884311534,-0.10865690956108316,-0.6384163030148152,-0.482608749390805,1.9331821014737574,,,,,,,,,,,,,,,,,,,,,,,,
1771276790.5029106,839528,10,5,0,861.6,42.9,439.8,20.4,82.2,-12.8,1771276790.474677,28.23352813720703,2,0|4,-1.2395786291928765,-1.911474414876515,-0.405106790687062,0.5471280599384735,-0.4450590114982262,1.778066687541939,,,,,,,,,,,,,,,,,,,1.7389753593358255,-2.078313890197246,0.771282048395163,0.19929234888011424,-0.20904151198769638,2.2197414246419345
1771276793.1068041,842132,10,8,0,871.2,59.7,438.6,23.1,83.6,-4.8,1771276793.0775573,29.246807098388672,1,0,-1.4000861465119967,-2.4320037613067416,-1.2777282717404899,-0.5815062708928961,-0.45941544931858286,1.8888959975416637,,,,,,,,,,,,,,,,,,,,,,,,
1771276795.710163,844736,10,8,0,881.5,77.8,437.3,27.6,85.0,5.4,1771276795.6843798,25.783300399780273,1,0,1.7466608953795035,2.4214813522691423,-0.2077770346238686,-0.5575699066696373,-0.46963044253022856,1.9487754002277127,,,,,,,,,,,,,,,,,,,,,,,,
1771276798.3137002,847340,10,8,0,891.8,95.8,436.0,35.4,86.3,18.9,1771276798.2865007,27.199506759643555,1,0,-1.6320374446392263,-2.2906460452892503,-1.2975556339232506,-0.49932179427462753,-0.45508792405929466,1.8914927082980795,,,,,,,,,,,,,,,,,,,,,,,,
1771276800.9184132,849944,10,8,0,902.1,113.9,434.7,51.6,87.5,40.7,1771276800.8942966,24.11651611328125,1,0,-1.5400341364666574,-1.648520567692692,-0.22854014576663445,0.8037534377957254,-0.4965064021172029,2.032456264098332,,,,,,,,,,,,,,,,,,,,,,,,
1771276804.2025242,853228,10,8,0,915.2,136.6,433.1,99.6,88.3,95.9,1771276804.1978955,4.628658294677734,1,0,-1.742206921536367,-1.9583199412264838,-1.317646361646969,-0.40372266256071965,-0.47396367658535626,1.8974664724866876,,,,,,,,,,,,,,,,,,,,,,,,
1771276806.8060691,855832,10,8,0,925.4,154.7,431.8,139.3,87.7,141.3,1771276806.8040302,2.0389556884765625,1,0,2.0438278907256753,2.028168387172606,-0.4769099337508455,-0.35590459381839007,-0.4854462642741863,1.873314659724404,,,,,,,,,,,,,,,,,,,,,,,,
1771276809.4103246,858436,10,8,0,935.8,172.7,430.5,157.8,86.5,165.4,1771276809.4073095,3.0150413513183594,1,0,-1.7068840709769835,-1.6980295691057428,-1.3052556154195085,-0.30193218601911653,-0.4861261615793366,1.7987243199987788,,,,,,,,,,,,,,,,,,,,,,,,
1771276812.0141695,861040,10,0,0,940.0,180.0,430.0,162.0,86.0,172.0,1771276812.0112257,2.943754196166992,1,0,-1.7855074430427467,-1.3435272227158068,-0.1993386957786357,0.9596184741155069,-0.5594262135311806,2.011137379177749,,,,,,,,,,,,,,,,,,,,,,,,
1771276814.617278,863644,10,0,0,940.0,180.0,430.0,162.0,86.0,172.0,1771276814.6162808,0.9973049163818359,1,0,-1.7855074430427467,-1.3435272227158068,-0.1993386957786357,0.9596184741155069,-0.5594262135311806,2.011137379177749,,,,,,,,,,,,,,,,,,,,,,,,
1771276817.2175193,866244,10,8,0,940.0,161.6,430.0,160.1,86.4,169.1,1771276817.1850884,32.43088722229004,1,0,-1.7452781827106032,-1.3844805703742022,-0.15431539086051135,0.9107302766156485,-0.5347395782737647,1.9594102407855625,,,,,,,,,,,,,,,,,,,,,,,,
1771276819.817847,868844,10,8,0,940.0,140.8,430.0,157.4,86.8,165.3,1771276819.7902546,27.59242057800293,1,0,2.0011294412401335,1.8677022320239014,-0.5569928224135309,-0.33818116813133575,-0.4841843592653808,1.8203723266265877,,,,,,,,,,,,,,,,,,,,,,,,
1771276822.4178874,871444,10,8,0,940.0,120.0,430.0,154.0,87.2,160.7,1771276822.3931081,24.779319763183594,1,0,2.11901798443624,2.1538859489700135,-0.603004580824512,0.8560301502974866,-0.5163494685327824,1.9647978176696168,,,,,,,,,,,,,,,,,,,,,,,,
1771276825.018081,874044,10,8,0,940.0,99.2,430.0,149.5,87.6,155.0,1771276824.9949079,23.173093795776367,1,0,2.1365036471831766,2.1256247379949564,-0.5455380059555218,0.8335446412029679,-0.5106643275545718,1.978773753080704,,,,,,,,,,,,,,,,,,,,,,,,
1771276827.6219578,876648,10,8,0,940.0,78.4,430.0,143.3,87.9,147.7,1771276827.6032493,18.708467483520508,1,0,-1.6387907352381046,-1.347689135057904,-0.23694919813053633,0.7728688573810836,-0.4823051419065321,1.8989032134205959,,,,,,,,,,,,,,,,,,,,,,,,
1771276830.2222233,879248,10,8,0,940.0,57.6,430.0,134.7,88.3,137.9,1771276830.2057378,16.48545265197754,1,0,2.054926948060955,2.1123930932059096,-0.6183190741401383,0.7599868738708814,-0.4838142032683361,1.9357383876523993,,,,,,,,,,,,,,,,,,,,,,,,
1771276832.8257308,881852,10,8,0,940.0,36.8,430.0,122.2,88.5,124.2,1771276832.8105483,15.1824951171875,1,0,-1.680243651484838,-1.447233172750092,-0.06599347488329757,0.7568618403135335,-0.4943995774197444,2.0044407081282865,,,,,,,,,,,,,,,,,,,,,,,,
1771276835.425951,884452,10,8,0,940.0,15.9,430.0,105.3,88.7,106.2,1771276835.4146347,11.316299438476562,1,0,-1.7044988043571707,-1.8799394301066925,-1.1731799759560653,-0.5267076403322294,-0.46650186703823876,1.924269053513599,,,,,,,,,,,,,,,,,,,,,,,,
1771276838.025984,887052,10,8,0,940.0,-4.8,430.0,85.4,88.8,85.1,1771276838.0220563,3.9277076721191406,1,0,-1.7610234249344923,-1.8788324087381945,-1.1347217555179878,-0.556229470407412,-0.46381491057013713,1.932012399884643,,,,,,,,,,,,,,,,,,,,,,,,
1771276840.6299927,889656,10,8,0,940.0,-25.7,430.0,66.4,88.6,65.0,1771276840.6228213,7.171392440795898,1,0,-1.6898086426616097,-1.5541303903300436,-0.12634946888315576,0.6832642780123681,-0.49022824540562937,2.044100705509679,,,,,,,,,,,,,,,,,,,,,,,,
1771276843.233629,892260,10,8,0,940.0,-46.5,430.0,51.5,88.4,48.9,1771276843.2269373,6.691694259643555,1,0,2.0684176142635433,1.89206097674274,0.0008825422452869006,-0.659642075392088,-0.490422714030618,2.0734822902667673,,,,,,,,,,,,,,,,,,,,,,,,
1771276845.8337429,894860,10,8,0,940.0,-67.3,430.0,41.1,88.1,37.4,1771276845.8307562,2.9866695404052734,1,0,2.033357567668541,2.036863694276267,-0.3650905596505116,0.5923645536230177,-0.46096288800585733,1.9444553829419298,,,,,,,,,,,,,,,,,,,,,,,,
1771276848.437705,897464,10,8,0,940.0,-88.1,430.0,33.7,87.8,28.8,1771276848.4349878,2.717256546020508,1,0,-1.5861310563806872,-1.4309661648393617,-0.22180884065934406,0.5615484059112916,-0.45663237706430004,1.933764951233614,,,,,,,,,,,,,,,,,,,,,,,,
1771276851.0412009,900068,10,8,0,940.0,-109.0,430.0,28.2,87.4,22.2,1771276851.0079455,33.25533866882324,1,0,2.002958722667574,1.7980886015559436,-0.019971740422340505,-0.7330705431461627,-0.4742488178347879,2.0207297406559492,,,,,,,,,,,,,,,,,,,,,,,,
1771276853.6415167,902668,10,8,0,940.0,-129.8,430.0,24.3,87.0,17.1,1771276853.6139646,27.552127838134766,1,0,-1.4986113880207204,-1.4625415271749467,-0.10113276889773809,0.47349828854665627,-0.4301889595217805,1.8218092969018003,,,,,,,,,,,,,,,,,,,,,,,,
1771276856.2450593,905272,10,8,0,940.0,-150.6,430.0,21.2,86.6,12.9,1771276856.2144146,30.644655227661133,1,0,-1.532472444231102,-1.4148290273287831,-0.2735978707715316,0.4529947168416797,-0.4376559304522119,1.8493465776769098,,,,,,,,,,,,,,,,,,,,,,,,
1771276858.8509028,907876,10,8,0,940.0,-171.4,430.0,18.8,86.2,9.3,1771276858.8205545,30.34830093383789,1,0,1.9177167471947567,1.9376486167889218,-0.1728478846229416,0.409091086043729,-0.42435478603492754,1.7801026720467839,,,,,,,,,,,,,,,,,,,,,,,,
1771276861.4524293,910480,10,0,0,940.0,-180.0,430.0,18.0,86.0,8.0,1771276861.4239004,28.528928756713867,1,0,-1.5082042948054368,-1.4812197736584929,-0.24986692706122055,0.40599743884662937,-0.4349793587111759,1.8258958480722622,,,,,,,,,,,,,,,,,,,,,,,,
1771276864.0534384,913080,10,8,0,938.1,-175.7,429.9,18.5,86.1,8.7,1771276864.0267975,26.640892028808594,1,0,1.867018015991927,1.9700182121540808,-0.2784335054392015,0.4102078541950875,-0.43591346853367574,1.8225361808921114,,,,,,,,,,,,,,,,,,,,,,,,
1771276866.6566384,915684,10,8,0,929.5,-156.7,429.4,21.2,86.5,12.0,1771276866.633569,23.069381713867188,1,0,1.9786621660698467,1.924819895111369,0.10686366719720056,-0.8008738116021205,-0.48599165304857384,2.005777964928013,,,,,,,,,,,,,,,,,,,,,,,,
1771276869.2567797,918284,10,8,0,921.0,-137.7,429.0,24.6,86.9,16.1,1771276869.2370598,19.719839096069336,1,0,-1.8744893511431329,-2.0870464583803847,-0.906171185332185,-0.80274649109113,-0.5100322039942287,2.078827659821049,,,,,,,,,,,,,,,,,,,,,,,,
1771276871.8572106,920884,10,8,0,912.5,-118.7,428.5,29.1,87.3,21.2,1771276871.8434553,13.755321502685547,1,0,-1.708609206040819,-2.088570163699903,-1.0534824096957043,-0.7414816852092911,-0.49550372602605836,1.9878237076327432,,,,,,,,,,,,,,,,,,,,,,,,
1771276874.4573417,923484,10,8,0,903.9,-99.8,428.0,35.0,87.7,27.8,1771276874.4467733,10.568380355834961,1,0,1.9213907679987692,2.018821802753816,-0.26413679306969945,0.48781242941670316,-0.4510018458001104,1.7672375031099326,,,,,,,,,,,,,,,,,,,,,,,,
1771276877.0609703,926088,10,8,0,895.4,-80.8,427.5,43.1,88.0,36.6,1771276877.0524356,8.534669876098633,1,0,1.9234804617611467,2.025790655703891,-0.2661306277234117,0.5105308235805627,-0.45882167682998576,1.7687535415225406,,,,,,,,,,,,,,,,,,,,,,,,
1771276879.6613023,928688,10,8,0,886.8,-61.8,427.1,54.3,88.3,48.5,1771276879.6536832,7.619142532348633,1,0,2.026721600143428,2.0660435307864673,-0.32807001148990306,0.5510732028614644,-0.4841516120364294,1.829407015605334,,,,,,,,,,,,,,,,,,,,,,,,
1771276882.2650466,931292,10,8,0,878.3,-42.8,426.6,69.2,88.5,64.0,1771276882.2595694,5.477190017700195,1,0,-1.8788560291309966,-2.0784511088735838,-1.1920642256595033,-0.6158660040055902,-0.5154065252396967,1.9218451657732705,,,,,,,,,,,,,,,,,,,,,,,,
1771276884.868987,933896,10,8,0,869.8,-23.8,426.1,87.2,88.6,82.6,1771276884.8608863,8.100748062133789,1,0,-1.5455863322717143,-1.4521956390714146,-0.18241156660390628,0.5879241314321872,-0.49452666377899,1.8000211359574527,,,,,,,,,,,,,,,,,,,,,,,,
1771276887.4728804,936500,10,8,0,861.2,-4.8,425.6,105.0,88.5,101.2,1771276887.4650784,7.802009582519531,1,0,-1.8073447421555269,-2.0250070248509946,-1.2314675468664582,-0.5476811115421414,-0.5211798202755824,1.8666667406401705,,,,,,,,,,,,,,,,,,,,,,,,
1771276890.0759857,939104,10,8,0,852.7,14.2,425.2,120.2,88.3,117.0,1771276890.072949,3.0367374420166016,1,0,-1.7181784377060583,-1.875743445990256,-1.3205961877847054,-0.49148404745049984,-0.4997368845657454,1.7553038952225892,,,,,,,,,,,,,,,,,,,,,,,,
1771276892.6765947,941704,10,8,0,844.1,33.1,424.7,131.5,88.1,129.0,1771276892.6739633,2.6314258575439453,1,0,-1.608121969168915,-1.523139293428885,-0.11219622373337619,0.6490376147232629,-0.5220242267082943,1.780929855593711,,,,,,,,,,,,,,,,,,,,,,,,
1771276895.2806108,944308,10,8,0,835.6,52.1,424.2,139.7,87.7,137.8,1771276895.277114,3.496885299682617,1,0,-1.7751671723870666,-1.963893356374837,-1.2856391169004067,-0.45445307428602055,-0.5336142686806641,1.794774078228124,,,,,,,,,,,,,,,,,,,,,,,,
1771276897.8837852,946912,10,8,0,827.0,71.1,423.7,145.7,87.3,144.5,1771276897.8827882,0.9970664978027344,1,0,2.136544381712684,2.173762412953866,-0.30692211550261617,-0.4113566994341354,-0.5242753051897785,1.7184332111163154,,,,,,,,,,,,,,,,,,,,,,,,
1771276900.4877179,949516,10,8,0,818.5,90.1,423.3,150.2,86.9,149.6,1771276900.486721,0.9968280792236328,1,0,-1.5798440007454984,-1.42260035984642,-0.20048494928344288,0.6947072336700223,-0.5393693480386668,1.7214091310855648,,,,,,,,,,,,,,,,,,,,,,,,
1771276903.0902853,952116,10,8,0,810.0,109.1,422.8,153.6,86.5,153.8,1771276903.0571795,33.10585021972656,1,0,-1.7683589755647893,-1.9204804796719863,-1.3517165255159738,-0.34303189693426556,-0.5170604903325097,1.6204290749235328,,,,,,,,,,,,,,,,,,,,,,,,
1771276905.6918545,954720,10,8,0,801.4,128.1,422.3,156.4,86.1,157.2,1771276905.6631134,28.741121292114258,1,0,-1.7212861771081494,-1.7887154145450093,-1.4157570131643453,-0.31201175420758265,-0.5163643439537301,1.5818246775372162,,,,,,,,,,,,,,,,,,,,,,,,
1771276908.2927322,957320,10,8,0,792.9,147.0,421.8,158.6,85.7,160.0,1771276908.2639892,28.74302864074707,1,0,-1.7314467801856563,-1.756259184886544,-1.3959294267203737,-0.2851501418971516,-0.5203991732276086,1.555421417081352,,,,,,,,,,,,,,,,,,,,,,,,
1771276911.8437312,960872,10,8,0,781.2,172.9,421.2,160.9,85.1,163.3,1771276911.8427346,0.9965896606445312,1,0,-2.060624148706765,-2.184468943870875,0.3369276219173814,0.7929900513830057,-0.5992118355512789,1.7146975363379742,,,,,,,,,,,,,,,,,,,,,,,,
1771276934.4436216,983472,10,8,0,760.0,118.7,420.0,152.0,86.5,154.2,1771276934.4416292,1.9924640655517578,1,0,-1.765737132665584,-1.8238297811480046,-1.4032588556132204,-0.30109543170644976,-0.5357724523131546,1.5225179969792006,,,,,,,,,,,,,,,,,,,,,,,,
1771276937.0473647,986076,10,8,0,760.0,97.9,420.0,147.2,86.9,149.0,1771276937.0473647,0.0,1,0,-1.617591419755556,-1.4800412533705247,-0.14084608607039759,0.6794017744869504,-0.5778636124260123,1.6481393836264409,,,,,,,,,,,,,,,,,,,,,,,,
1771276940.9880548,990016,10,8,0,760.0,66.4,420.0,136.4,87.6,137.6,1771276940.9848843,3.170490264892578,1,0,-1.8149050016549653,-1.8302904411235361,-1.382026501890614,-0.35720787294608125,-0.5229944387682189,1.5214009096108754,,,,,,,,,,,,,,,,,,,,,,,,
1771276943.5916839,992620,10,8,0,760.0,45.6,420.0,125.7,88.0,126.6,1771276943.5887413,2.9425621032714844,1,0,-1.8028799780237659,-1.7841778300769515,-1.332798853926462,-0.3922770172260253,-0.5367959031119661,1.577174951595556,,,,,,,,,,,,,,,,,,,,,,,,
1771276946.19176,995220,10,8,0,760.0,24.7,420.0,111.3,88.2,111.8,1771276946.1611853,30.574798583984375,1,0,-2.1823634068318656,-2.2339634937217325,0.21071988724511642,-0.42495894398636147,-0.5458138192239468,1.61402767654918,,,,,,,,,,,,,,,,,,,,,,,,
1771276948.7920065,997820,10,8,0,760.0,3.9,420.0,93.7,88.3,93.7,1771276948.7664373,25.56920051574707,1,0,2.1788680860081238,2.0914015207717327,-0.1460366407122411,-0.4423121406932431,-0.5340264630086844,1.5927072357505332,,,,,,,,,,,,,,,,,,,,,,,,
1771276951.3955474,1000424,10,8,0,760.0,-16.9,420.0,75.1,88.3,74.8,1771276951.3673453,28.202056884765625,1,0,-1.5857407138542654,-1.4110375505957709,-0.09417671256131512,0.5348928015419218,-0.5338210599192875,1.5992232256836576,,,,,,,,,,,,,,,,,,,,,,,,
1771276954.0008473,1003020,10,8,0,760.0,-37.6,420.0,59.3,88.1,58.7,1771276953.9753811,25.466203689575195,1,0,-1.5945633778376784,-1.4207828591741023,-0.11226919601407846,0.5125854567209811,-0.529974101336414,1.5977624163880482,,,,,,,,,,,,,,,,,,,,,,,,
1771276956.6037838,1005632,10,8,0,760.0,-58.5,420.0,47.3,87.7,46.2,1771276956.580494,23.289918899536133,1,0,-1.9061311763853765,-1.9145892883738402,-1.1716235008260847,-0.5339557685373486,-0.5475104067441281,1.6690809234294925,,,,,,,,,,,,,,,,,,,,,,,,
1771276959.2073922,1008236,10,8,0,760.0,-79.4,420.0,38.6,87.3,37.2,1771276959.18309,24.302244186401367,1,0,-1.93289881263717,-1.9695194965126361,-1.2508059692542133,-0.5539920519970926,-0.5409166163949021,1.6582557144355816,,,,,,,,,,,,,,,,,,,,,,,,
1771276961.8113754,1010840,10,8,0,760.0,-100.2,420.0,32.3,86.9,30.5,1771276961.784031,27.344465255737305,1,0,-1.965844853640919,-1.979372395312344,-1.1539778309905522,-0.5863524271998645,-0.5456564273778979,1.6835979739183273,,,,,,,,,,,,,,,,,,,,,,,,
1771276964.4153843,1013444,10,8,0,760.0,-121.0,420.0,27.6,86.4,25.4,1771276964.3912501,24.134159088134766,1,0,-1.5566032236561413,-1.4039407314144867,-0.03254688344152386,0.41761072319279596,-0.508316790147875,1.5735810623928126,,,,,,,,,,,,,,,,,,,,,,,,
1771276967.0194468,1016048,10,8,0,760.0,-141.9,420.0,24.0,85.9,21.5,1771276966.9937353,25.711536407470703,1,0,2.109214066652776,1.943150612246822,-0.015840252348844373,0.3920608140508785,-0.500929725906176,1.554856770195301,,,,,,,,,,,,,,,,,,,,,,,,
1771276969.6194594,1018648,10,8,0,760.0,-162.7,420.0,21.3,85.4,18.3,1771276969.599298,20.16139030456543,1,0,2.1111032782360657,1.898453604935909,-0.04474624774614869,0.3695983336846982,-0.49643954812954566,1.5497291868760268,,,,,,,,,,,,,,,,,,,,,,,,
1771276972.2195005,1021248,10,8,0,760.0,-183.5,420.0,19.0,84.9,15.7,1771276972.2019556,17.544984817504883,1,0,-1.5311310503481528,-1.3851303855468837,-0.15676389685512213,0.34789170907928024,-0.49282808862152433,1.5483384967485316,,,,,,,,,,,,,,,,,,,,,,,,
1771276974.8232622,1023852,10,8,0,760.0,-204.3,420.0,17.2,84.4,13.5,1771276974.8063068,16.95537567138672,1,0,2.099233808221792,1.8647206619762506,0.06840836403286683,0.3285128793844658,-0.4946042449261766,1.5555265550976043,,,,,,,,,,,,,,,,,,,,,,,,
1771276977.4233427,1026452,10,0,0,760.0,-220.0,420.0,16.0,84.0,12.0,1771276977.411039,12.303590774536133,1,0,-1.5406567122101789,-1.4102190403376844,-0.1289617484279461,0.3175819008751154,-0.4994718044031948,1.5796054368784938,,,,,,,,,,,,,,,,,,,,,,,,
1771276980.026898,1029056,10,0,0,760.0,-220.0,420.0,16.0,84.0,12.0,1771276980.01987,7.027864456176758,1,0,-1.5406567122101789,-1.4102190403376844,-0.1289617484279461,0.3175819008751154,-0.4994718044031948,1.5796054368784938,,,,,,,,,,,,,,,,,,,,,,,,
1771276982.6273205,1031656,10,8,0,772.0,-205.7,419.4,18.9,84.8,15.7,1771276982.6191797,8.140802383422852,1,0,-2.048792061011527,-1.9878414234589714,-0.9209097905957713,-0.7618241156549463,-0.5654904700519998,1.8229360561602292,,,,,,,,,,,,,,,,,,,,,,,,
1771276985.2313564,1034260,10,8,0,785.5,-189.8,418.8,23.3,85.7,21.1,1771276985.2256093,5.747079849243164,1,0,-1.5400309440130568,-1.3848484885253993,-0.14299859287766087,0.3575484008988962,-0.48621589796611164,1.5987499730602974,,,,,,,,,,,,,,,,,,,,,,,,
1771276987.835123,1036864,10,8,0,798.9,-173.9,418.2,29.9,86.5,28.7,1771276987.829323,5.800008773803711,1,0,2.1186837637905804,1.85013068554591,-0.1254429924664018,0.38099535001786383,-0.4835369716578138,1.6153874761529734,,,,,,,,,,,,,,,,,,,,,,,,
1771276990.438894,1039468,10,8,0,812.4,-158.0,417.6,40.5,87.3,40.3,1771276990.4354157,3.4782886505126953,1,0,-1.556959762421936,-1.3773431930392825,-0.07420257330982341,0.4121751519401377,-0.4858916834665432,1.656264008844218,,,,,,,,,,,,,,,,,,,,,,,,
1771276993.0429945,1042072,10,8,0,825.8,-142.1,417.0,58.1,87.9,58.9,1771276993.0385625,4.431962966918945,1,0,2.1482429179944984,1.8245992008060583,0.313513322426972,-0.6890959048844725,-0.5364065621738872,1.85922772308927,,,,,,,,,,,,,,,,,,,,,,,,
1771276995.6465006,1044676,10,8,0,839.3,-126.2,416.4,84.8,88.2,86.6,1771276995.64215,4.3506622314453125,1,0,2.1129431409862787,1.8552150311534736,-0.1516917080747864,0.4584027034015365,-0.4784967011100819,1.674994209481997,,,,,,,,,,,,,,,,,,,,,,,,
1771276998.2508397,1047280,10,8,0,852.7,-110.4,415.8,113.0,88.0,115.7,1771276998.2450585,5.7811737060546875,1,0,-1.6052989156784752,-1.2909691331461772,-0.15018290068654094,0.49181670950215284,-0.48388241733511517,1.7186252780386526,,,,,,,,,,,,,,,,,,,,,,,,
1771277000.8540952,1049884,10,8,0,866.2,-94.4,415.2,132.8,87.5,136.5,1771277000.8520658,2.0294189453125,1,0,2.0740835276232192,1.8833340483302319,-0.3873414957360215,0.5161433726133087,-0.48064470527758385,1.72854574625869,,,,,,,,,,,,,,,,,,,,,,,,
1771277003.4543145,1052484,10,8,0,879.6,-78.6,414.6,144.8,86.7,149.5,1771277003.4533176,0.9968280792236328,1,0,-1.6502684641246197,-1.2689351559488058,-0.18169339004960952,0.5490711993440467,-0.4853482213776558,1.7632891747154593,,,,,,,,,,,,,,,,,,,,,,,,
1771277006.054702,1055084,10,8,0,893.0,-62.7,413.9,152.1,85.9,157.8,1771277006.0239377,30.764341354370117,1,0,-1.6535926063502302,-1.276287990420298,-0.10515393936361839,0.5874478290291333,-0.49607567963749527,1.8160666170674276,,,,,,,,,,,,,,,,,,,,,,,,
1771277008.6549158,1057684,10,8,0,906.5,-46.9,413.3,157.0,85.0,163.6,1771277008.627715,27.200698852539062,1,0,-1.795456123320129,-1.6582575894274898,-1.2081051577852977,-0.5567083932344636,-0.5036887605864336,1.867296002310554,,,,,,,,,,,,,,,,,,,,,,,,
1771277011.258933,1060288,10,8,0,919.9,-31.0,412.7,160.4,84.1,168.0,1771277011.2349272,24.005889892578125,1,0,-1.7754133298956685,-1.7297992348506261,-1.1387936812746453,-0.5405606387069083,-0.5063748882511933,1.882757221124926,,,,,,,,,,,,,,,,,,,,,,,,
1771277013.8624358,1062892,10,8,0,933.4,-15.1,412.1,162.9,83.2,171.5,1771277013.8373613,25.074481964111328,1,0,-1.6832053782627032,-1.2574285676758525,-0.14150380853477632,0.6868029010017127,-0.5143905131572558,1.910614018439314,,,,,,,,,,,,,,,,,,,,,,,,
1771277016.4665182,1065496,10,8,0,946.8,0.8,411.5,164.8,82.3,174.4,1771277016.4413264,25.191783905029297,1,0,-1.704817001940933,-1.1822653371364207,-0.3222710439106976,0.703075451905655,-0.5067265673691704,1.8895613315897863,,,,,,,,,,,,,,,,,,,,,,,,
1771277019.0706942,1068100,10,8,0,960.3,16.7,410.9,166.3,81.4,176.8,1771277019.047984,22.710323333740234,1,0,-1.773519429433304,-1.562237450255025,-1.348453279390003,-0.45461677264743017,-0.4820743870160124,1.8047413643980064,,,,,,,,,,,,,,,,,,,,,,,,
1771277021.6746423,1070704,10,8,0,973.7,32.6,410.3,167.5,80.4,179.1,1771277021.6494882,25.15411376953125,1,0,-1.699205047405013,-1.1711555338674786,-0.28907503941568524,0.7525816438345694,-0.5110110348772005,1.9017985835214777,,,,,,,,,,,,,,,,,,,,,,,,
1771277024.2747066,1073304,10,0,0,980.0,40.0,410.0,168.0,80.0,-180.0,1771277024.2557323,18.97430419921875,1,0,-1.7281609828837885,-1.4723534546937704,-1.3151332447753683,-0.422796113100863,-0.4828761357741874,1.8024174863497526,,,,,,,,,,,,,,,,,,,,,,,,
1771277027.2083259,1076228,10,8,0,975.0,40.0,410.0,167.6,80.3,179.1,1771277027.1943214,14.00446891784668,1,0,2.1335249250399286,1.7600482158499473,-0.4442558314456593,-0.44618814756982655,-0.5086449023118199,1.8974084948350294,,,,,,,,,,,,,,,,,,,,,,,,
1771277029.8101556,1078840,10,8,0,954.1,40.0,410.0,165.3,81.8,175.1,1771277029.7992826,10.873079299926758,1,0,-1.6956680524262506,-1.2123117348454795,-0.24388613078443963,0.7688057262448545,-0.5235440616991203,1.9389354904362848,,,,,,,,,,,,,,,,,,,,,,,,
1771277032.4105122,1081440,10,8,0,933.3,40.0,410.0,162.2,83.1,170.2,1771277032.399908,10.604143142700195,1,0,-1.7070728100206736,-1.2474814062585182,-0.18733689012709662,0.7564950047646009,-0.523721504111042,1.9283429784120256,,,,,,,,,,,,,,,,,,,,,,,,
1771277035.0142155,1084044,10,8,0,912.5,40.0,410.0,157.5,84.5,163.7,1771277035.0043113,9.904146194458008,1,0,2.0996564967621216,2.0278705549554146,-0.4779095126479339,0.7032496251128791,-0.49743838844837857,1.8130030507221115,,,,,,,,,,,,,,,,,,,,,,,,
1771277037.618441,1086648,10,8,0,891.7,40.0,410.0,149.9,85.8,154.3,1771277037.6082423,10.198831558227539,1,0,-1.66013840297632,-1.3427591359995354,-0.14652827368645216,0.6976772118883844,-0.5020369632793595,1.8186665547442713,,,,,,,,,,,,,,,,,,,,,,,,
1771277040.2220938,1089252,10,8,0,870.8,40.0,410.0,135.8,87.0,138.4,1771277040.2107587,11.335134506225586,1,0,2.0685216367062287,1.8714405503876186,-0.3885338708165337,-0.4310252298047417,-0.47667593087875965,1.7142598736560415,,,,,,,,,,,,,,,,,,,,,,,,
1771277042.8221955,1091852,10,8,0,850.0,40.0,410.0,108.4,87.8,109.3,1771277042.8211982,0.9973049163818359,1,0,2.0748463986334915,2.0833545652182752,-0.2957818885958184,-0.4466565232754313,-0.4961872633056392,1.7579921365446471,,,,,,,,,,,,,,,,,,,,,,,,
1771277045.425989,1094456,10,8,0,829.2,40.0,410.0,70.2,87.8,69.3,1771277045.4223244,3.6644935607910156,1,0,2.1641385451022215,2.162233001030494,-0.22297949916092427,0.6582471119375454,-0.5055289387421713,1.7600856276376502,,,,,,,,,,,,,,,,,,,,,,,,
1771277048.02982,1097060,10,8,0,808.4,40.0,410.1,43.5,86.9,40.7,1771277048.0254335,4.386425018310547,1,0,-1.8851704330440735,-2.10481397901086,-1.1233365636627215,-0.45022182189507154,-0.5075123977012455,1.745509066199222,,,,,,,,,,,,,,,,,,,,,,,,
1771277050.6337914,1099664,10,8,0,787.6,40.0,410.1,29.7,85.8,25.2,1771277050.6327941,0.9973049163818359,1,0,2.1307170884264846,2.215466642657829,-0.007978937918232247,0.6265973007641992,-0.5058728036401954,1.6992303417416836,,,,,,,,,,,,,,,,,,,,,,,,
1771277053.2374735,1102268,10,8,0,766.7,40.0,410.1,22.2,84.5,15.9,1771277053.234252,3.2215118408203125,1,0,-1.7479925139040475,-2.02793841762482,-1.2927703470658698,-0.42578043733115756,-0.49276358853010843,1.635829011551574,,,,,,,,,,,,,,,,,,,,,,,,
1771277055.841914,1104872,10,8,0,745.9,40.0,410.0,17.6,83.1,9.6,1771277055.8400989,1.8150806427001953,1,0,-1.5041049672471987,-1.5637564956385739,-0.10317847341372774,0.5947681236445994,-0.5022237986052912,1.6274461179201443,,,,,,,,,,,,,,,,,,,,,,,,
1771277058.4448805,1107476,10,8,0,725.0,40.0,410.0,14.5,81.7,4.7,1771277058.4438484,1.032114028930664,1,0,2.040277319410671,2.3021425068458043,-0.0010394536263957257,0.5834718563832353,-0.5050163172482849,1.601668486095918,,,,,,,,,,,,,,,,,,,,,,,,
1771277061.0450273,1110076,10,8,0,704.2,40.0,410.0,12.4,80.3,0.7,1771277061.0120468,32.98044204711914,1,0,-1.4354553718434673,-1.6725790353849823,0.028809174509932346,0.5803186849893158,-0.5126604255140462,1.596016044420659,,,,,,,,,,,,,,,,,,,,,,,,
1771277063.6456316,1112676,10,0,0,700.0,40.0,410.0,12.0,80.0,0.0,1771277063.6194625,26.1690616607666,1,0,1.81161708587645,2.1506936991379826,1.3477717505995577,-0.4084131823510846,-0.5001915939288333,1.5598399860845327,,,,,,,,,,,,,,,,,,,,,,,,
1771277066.2498543,1115280,10,8,0,705.2,45.9,409.5,12.3,80.3,0.7,1771277066.221526,28.328418731689453,1,0,-1.9468923337190243,-2.3364973273150555,0.17335995082133138,-0.4034143692540422,-0.4976522605358863,1.56014372108819,,,,,,,,,,,,,,,,,,,,,,,,
1771277068.8533185,1117884,10,8,0,719.2,61.2,408.0,13.3,81.3,2.8,1771277068.8253837,27.934789657592773,1,0,-1.9927243962060863,-2.416173463014925,0.21992881022284327,-0.39487135979087395,-0.4952553503280571,1.5851658403845483,,,,,,,,,,,,,,,,,,,,,,,,
1771277071.453379,1120484,10,8,0,733.2,76.6,406.7,14.5,82.2,5.1,1771277071.4323347,21.044254302978516,1,0,-2.0800676805993104,-2.35116985419023,0.0002678582799676768,0.6426230552588889,-0.5117829556268081,1.6577110934595363,,,,,,,,,,,,,,,,,,,,,,,,
1771277074.053804,1123084,10,8,0,747.1,91.9,405.3,16.0,83.2,7.7,1771277074.0330656,20.73836326599121,1,0,-1.9788871913081663,-2.4116037479806187,0.32624391790546214,-0.3626595340047889,-0.4771503840978849,1.5844475575330663,,,,,,,,,,,,,,,,,,,,,,,,
1771277076.657429,1125688,10,8,0,761.1,107.3,403.9,18.0,84.1,10.9,1771277076.6386514,18.77760887145996,1,0,-1.5322757649948964,-1.6471338859800433,0.08873039603360763,0.6930586368004629,-0.5052948392976285,1.6964503281821661,,,,,,,,,,,,,,,,,,,,,,,,
1771277079.2575421,1128288,10,8,0,775.1,122.7,402.5,20.7,85.0,14.7,1771277079.2445831,12.959003448486328,1,0,-1.5826327504583937,-1.757799116642282,0.1974561713788941,0.746675076429171,-0.5228111338811045,1.7818158324658948,,,,,,,,,,,,,,,,,,,,,,,,
1771277081.8612678,1130892,10,8,0,789.0,138.0,401.1,24.6,85.9,19.8,1771277081.8501318,11.136054992675781,1,0,-1.614564623096019,-1.6386151974682108,-0.08110430342310711,0.7637496176009113,-0.5146139255574401,1.777920553253498,,,,,,,,,,,,,,,,,,,,,,,,
1771277084.461487,1133492,10,8,0,803.0,153.4,399.7,30.7,86.8,26.9,1771277084.453669,7.817983627319336,1,0,-2.0300161662131813,-2.273752982513938,0.24767471782304828,0.8060081509802398,-0.5227394484860938,1.826811115475171,,,,,,,,,,,,,,,,,,,,,,,,
1771277087.0615747,1136092,10,8,0,816.9,168.7,398.3,41.0,87.6,38.4,1771277087.0556934,5.881309509277344,1,0,-1.7801562674565572,-1.9688011297874897,-1.2643824968639297,-0.29257578415298596,-0.46236609275354396,1.6453780686318806,,,,,,,,,,,,,,,,,,,,,,,,
1771277089.6616657,1138692,10,8,0,830.9,184.1,396.9,59.9,88.2,58.4,1771277089.6591299,2.5358200073242188,1,0,-1.627539415300515,-1.529833590805182,-0.17990465320582605,0.8413433843598539,-0.5091346691630005,1.8184189028023947,,,,,,,,,,,,,,,,,,,,,,,,
1771277092.2644086,1141296,10,8,0,844.9,199.5,395.5,92.4,88.5,92.0,1771277092.233422,30.986547470092773,1,0,-1.683483558204021,-1.622448698262191,-0.23080757108436417,0.8842226179627793,-0.5189806316795657,1.8675620619876323,,,,,,,,,,,,,,,,,,,,,,,,
1771277094.864865,1143896,10,8,0,858.9,214.8,394.1,125.6,88.3,126.3,1771277094.8369408,27.924299240112305,1,0,-1.7241979883357719,-1.8053537718821775,-1.4397264043230593,-0.23666704366543187,-0.4435922920638441,1.6147984547695347,,,,,,,,,,,,,,,,,,,,,,,,
1771277097.4685261,1146500,10,8,0,872.9,230.2,392.7,145.4,87.6,147.2,1771277097.4422126,26.31354331970215,1,0,-1.7000941548987947,-1.870966370636625,-1.4128695168807655,-0.22738612137553935,-0.4569034266775941,1.6712004643469922,,,,,,,,,,,,,,,,,,,,,,,,
1771277100.0687008,1149100,10,8,0,886.8,245.5,391.3,156.0,86.8,159.0,1771277100.0419095,26.79133415222168,1,0,-1.8746919812059555,-2.072149794897486,0.5994733327395368,0.9976184563352356,-0.5417972772443003,1.9693741781522895,,,,,,,,,,,,,,,,,,,,,,,,
1771277102.6688356,1151700,10,1,0,899.9,259.9,390.0,162.0,86.0,166.0,1771277102.6467764,22.059202194213867,1,0,-1.6716875232508654,-1.7970611790947137,-1.436891762696142,-0.19141537884450274,-0.45310538226587455,1.663698738485172,,,,,,,,,,,,,,,,,,,,,,,,
1771277105.2692592,1154300,10,0,0,900.0,260.0,390.0,162.0,86.0,166.0,1771277105.2531872,16.07203483581543,1,0,-1.6716875232508654,-1.7970611790947137,-1.436891762696142,-0.19141537884450274,-0.45310538226587455,1.663698738485172,,,,,,,,,,,,,,,,,,,,,,,,
1771277107.8722193,1156904,10,8,0,900.0,245.4,390.0,161.0,86.2,164.8,1771277107.8582933,13.926029205322266,1,0,-1.8280039830736328,-1.7044560654543532,-0.20072979566625376,1.0149678531137651,-0.5448352828217314,1.9963007896958993,,,,,,,,,,,,,,,,,,,,,,,,
1771277110.4723306,1159504,10,8,0,900.0,224.6,390.0,159.4,86.5,162.9,1771277110.4646633,7.667303085327148,1,0,-1.9556000214360458,-2.192030888441988,0.8004523847829922,0.9380144666926463,-0.5109210056350246,1.8949382175992573,,,,,,,,,,,,,,,,,,,,,,,,
1771277113.0729504,1162104,10,8,0,900.0,203.8,390.0,157.5,86.8,160.6,1771277113.0675614,5.388975143432617,1,0,-1.672217763153004,-1.7506786363684717,-1.387010902716754,-0.2515156479291069,-0.4409475687461513,1.6623542098948916,,,,,,,,,,,,,,,,,,,,,,,,
1771277115.6732883,1164704,10,8,0,900.0,183.0,390.0,155.2,87.0,158.0,1771277115.6712625,2.0258426666259766,1,0,-1.659476745478161,-1.790818480022591,-1.3489347250189319,-0.2777083598635333,-0.4421301421594923,1.6834776047181321,,,,,,,,,,,,,,,,,,,,,,,,
1771277118.2763886,1167308,10,8,0,900.0,162.2,390.0,152.5,87.3,155.0,1771277118.2730613,3.3273696899414062,1,0,2.0303888886854917,2.0461530030688646,-0.573020905210011,-0.3053109537409726,-0.44524482181993585,1.7059847934378645,,,,,,,,,,,,,,,,,,,,,,,,
1771277120.8798366,1169912,10,8,0,900.0,141.3,390.0,149.1,87.6,151.3,1771277120.8788378,0.9987354278564453,1,0,-1.735468109934973,-1.8629019760420247,-1.2802588234555612,-0.34019773309883955,-0.4567874214836992,1.7692955393730592,,,,,,,,,,,,,,,,,,,,,,,,
1771277123.4801197,1172512,10,8,0,900.0,120.5,390.0,145.0,87.8,146.9,1771277123.4488,31.319618225097656,1,0,2.055022107147042,2.273767132320582,-0.5677538429000797,0.8225056780908497,-0.4970879594412996,1.9261736438098012,,,,,,,,,,,,,,,,,,,,,,,,
1771277126.0801332,1175112,10,8,0,900.0,99.7,390.0,139.7,88.1,141.2,1771277126.0502853,29.84786033630371,1,0,-1.6888720831637585,-1.525552779341939,-0.11612786626125345,0.7918973254834147,-0.490179884787013,1.9159887924572718,,,,,,,,,,,,,,,,,,,,,,,,
1771277128.6806476,1177712,10,8,0,900.0,78.9,390.0,133.0,88.3,134.2,1771277128.6582458,22.401809692382812,1,0,2.090715107777233,2.0976432360342927,-0.35695988199872936,-0.4192350781044682,-0.45533101923954833,1.8028451589776853,,,,,,,,,,,,,,,,,,,,,,,,
1771277131.283865,1180316,10,8,0,900.0,58.1,390.0,124.5,88.5,125.4,1771277131.2618756,21.98934555053711,1,0,2.0701622566335627,1.9295083913809736,-0.4447342502591741,-0.4319572268353155,-0.4399417196897906,1.7545536309346093,,,,,,,,,,,,,,,,,,,,,,,,
1771277133.8843093,1182916,10,8,0,900.0,37.3,390.0,113.8,88.6,114.4,1771277133.8656886,18.620729446411133,1,0,-1.6289792346051075,-1.474353148817961,-0.024293298830948447,0.6937741906461492,-0.46610954805352667,1.8620596515423848,,,,,,,,,,,,,,,,,,,,,,,,
1771277136.4844465,1185516,10,8,0,900.0,16.5,390.0,101.1,88.7,101.4,1771277136.469558,14.888525009155273,1,0,2.0289631032351267,2.1245146900395984,-0.4709624269875684,0.667147554704794,-0.4619969794976099,1.8542768288260605,,,,,,,,,,,,,,,,,,,,,,,,
1771277139.0883145,1188120,10,8,0,900.0,-4.3,390.0,87.2,88.8,87.1,1771277139.0722463,16.068220138549805,1,0,2.049229586146075,2.098646105388378,-0.46480447249090456,0.6296672572184288,-0.4488873156261834,1.8150376308993204,,,,,,,,,,,,,,,,,,,,,,,,
1771277141.6883872,1190720,10,8,0,900.0,-25.1,390.0,73.6,88.7,73.2,1771277141.6788092,9.57798957824707,1,0,-1.603859087930976,-1.439618462294084,-0.13274630932711995,0.6001867115407882,-0.44390055648467497,1.8056229520104992,,,,,,,,,,,,,,,,,,,,,,,,
1771277144.292153,1193324,10,8,0,900.0,-46.0,390.0,61.5,88.6,60.8,1771277144.2834046,8.748292922973633,1,0,-1.6753749233266246,-1.455806120619769,-0.031140923001196183,0.5924937539564694,-0.4530670912068361,1.8527428559237256,,,,,,,,,,,,,,,,,,,,,,,,
1771277146.8965187,1195928,10,8,0,900.0,-66.8,390.0,51.7,88.4,50.7,1771277146.8868394,9.679317474365234,1,0,2.014798305420337,1.9687647695980495,-0.33530965800019946,0.529734667096546,-0.4223010793213045,1.7313694917553928,,,,,,,,,,,,,,,,,,,,,,,,
1771277149.5001006,1198532,10,8,0,900.0,-87.6,390.0,44.0,88.2,42.7,1771277149.4907517,9.348869323730469,1,0,2.00735324998452,1.9525729180163944,-0.3387755049087811,0.5250524055886533,-0.4345093905694593,1.7930292532346654,,,,,,,,,,,,,,,,,,,,,,,,
1771277152.1001377,1201132,10,8,0,900.0,-108.4,390.0,38.0,88.0,36.4,1771277152.096355,3.7827491760253906,1,0,-1.5691832579266334,-1.3919487319434853,-0.24991221636874236,0.47853271687970356,-0.4126977921052168,1.709857223753034,,,,,,,,,,,,,,,,,,,,,,,,
1771277154.7069707,1203732,10,8,0,900.0,-129.2,390.0,33.3,87.7,31.3,1771277154.698992,7.978677749633789,1,0,-1.779176808704136,-1.8906505239446685,-1.1094655953598243,-0.6864891144505022,-0.4471327394495226,1.8707589003618492,,,,,,,,,,,,,,,,,,,,,,,,
1771277157.3075166,1206340,10,8,0,900.0,-150.1,390.0,29.4,87.5,27.1,1771277157.3024948,5.021810531616211,1,0,-1.5649459395871559,-1.3803315564546355,-0.2030924944604849,0.43769129550835567,-0.41295065078719745,1.7258986151788387,,,,,,,,,,,,,,,,,,,,,,,,
1771277159.9118435,1208944,10,8,0,900.0,-170.9,390.0,26.3,87.2,23.7,1771277159.9060535,5.789995193481445,1,0,-1.5881614571653315,-1.381963742351511,-0.25611471169100897,0.4181853067861377,-0.41653539478138324,1.742800907290248,,,,,,,,,,,,,,,,,,,,,,,,
1771277162.5160482,1211548,10,8,0,900.0,-191.8,390.0,23.8,86.9,20.8,1771277162.510803,5.245208740234375,1,0,-1.5745051032023383,-1.3489404821091726,-0.24600464770200708,0.38835203453266576,-0.4092166956574769,1.712195286305725,,,,,,,,,,,,,,,,,,,,,,,,
1771277165.1185827,1214140,10,8,0,900.0,-212.5,390.0,21.7,86.7,18.4,1771277165.1185827,0.0,1,0,2.0144386680669464,1.809489398762438,-0.13692060233071615,0.3719577209343676,-0.4157222512773692,1.741947593727682,,,,,,,,,,,,,,,,,,,,,,,,
1771277167.7195287,1216752,10,8,0,900.0,-233.4,390.0,19.9,86.4,16.3,1771277167.6895154,30.013322830200195,1,0,-1.5561113774813427,-1.3568241249439403,-0.20798657682937313,0.3398055171388541,-0.403264941811276,1.6966147322306662,,,,,,,,,,,,,,,,,,,,,,,,
1771277170.3229988,1219356,10,8,0,900.0,-254.2,390.0,18.4,86.1,14.5,1771277170.2957616,27.2371768951416,1,0,-1.5441556539306107,-1.3737798109641806,-0.19169400197511288,0.3134371576585863,-0.39763750430917855,1.6748004882104457,,,,,,,,,,,,,,,,,,,,,,,,
1771277172.9276628,1221960,10,0,0,900.0,-260.0,390.0,18.0,86.0,14.0,1771277172.896217,31.445741653442383,1,0,1.9225140387036752,1.7799745477462354,-0.18688986175603267,0.3067607677316008,-0.3974738745323322,1.6709146438946207,,,,,,,,,,,,,,,,,,,,,,,,
1771277175.5278773,1224560,10,8,0,898.0,-252.4,389.5,19.5,86.3,15.8,1771277175.4974673,30.410051345825195,1,0,1.9544312040810774,1.7911063399737237,-0.16754489461754268,0.3144836344009124,-0.4005562818469495,1.6746447069653563,,,,,,,,,,,,,,,,,,,,,,,,
1771277178.1279771,1227160,10,8,0,892.7,-232.3,388.2,24.6,87.0,21.9,1771277178.1056328,22.344350814819336,1,0,2.021456305313375,1.7440967606486777,0.004971397090827157,0.3445302617844778,-0.41549111104752995,1.7146053758650899,,,,,,,,,,,,,,,,,,,,,,,,
1771277180.7312906,1229764,10,8,0,887.3,-212.2,386.8,33.0,87.7,31.2,1771277180.7104478,20.842790603637695,1,0,1.968723942649958,1.8123476187189311,-0.31325057548959667,0.3589147914716876,-0.4106644722020877,1.6727615216049232,,,,,,,,,,,,,,,,,,,,,,,,
1771277183.3314567,1232364,10,8,0,881.9,-192.2,385.5,47.6,88.3,46.7,1771277183.3106208,20.83587646484375,1,0,-1.5711707853351582,-1.3034909816966158,-0.17464840347716631,0.3850793677610207,-0.4217039148841596,1.6919233076149907,,,,,,,,,,,,,,,,,,,,,,,,
1771277185.93171,1234964,10,8,0,876.6,-172.1,384.2,73.4,88.7,73.5,1771277185.9170434,14.666557312011719,1,0,-1.9234864966239869,-1.8795244285879031,-1.044244906546009,-0.7315811466767086,-0.47149859015595375,1.8679687289637603,,,,,,,,,,,,,,,,,,,,,,,,
1771277188.5358117,1237568,10,8,0,871.2,-152.0,382.8,107.0,88.6,108.0,1771277188.5215702,14.241456985473633,1,0,1.9861074778198273,1.8268924783944247,-0.28466521769279235,0.41380844547082973,-0.42012452163582353,1.6276922959965556,,,,,,,,,,,,,,,,,,,,,,,,
1771277191.1393628,1240172,10,8,0,865.9,-131.9,381.5,132.1,88.2,134.1,1771277191.1233697,15.993118286132812,1,0,-1.573826051819124,-1.2903954039121348,-0.20017847898281318,0.4396842586674931,-0.4329319916370215,1.6484357801724707,,,,,,,,,,,,,,,,,,,,,,,,
1771277193.7551148,1242776,10,8,0,860.5,-111.8,380.1,146.1,87.6,149.0,1771277193.731538,23.576736450195312,1,0,2.090380617682769,1.8367605223844448,-0.18953339797633517,0.460270217568024,-0.44159260249196425,1.6424181900883184,,,,,,,,,,,,,,,,,,,,,,,,
1771277196.3591692,1245392,10,8,0,855.1,-91.7,378.8,154.3,86.9,158.1,1771277196.333648,25.521278381347656,1,0,-1.662789836196125,-1.2683891669281986,-0.15356142011867882,0.4883268278422953,-0.4573653744964453,1.6696727191159606,,,,,,,,,,,,,,,,,,,,,,,,
1771277198.962683,1247996,10,8,0,849.8,-71.6,377.5,159.2,86.2,164.0,1771277198.9371479,25.535106658935547,1,0,2.1746413270269227,1.8335300402103394,-0.3225586541838131,0.5007468887581943,-0.45932392736670075,1.6394761853164375,,,,,,,,,,,,,,,,,,,,,,,,
1771277201.5676842,1250600,10,8,0,844.4,-51.5,376.1,162.7,85.5,168.4,1771277201.5415626,26.12161636352539,1,0,2.1292673818682726,1.7256691983198629,-0.10950395258928283,-0.5226188919930923,-0.48280184872109966,1.6931626175127577,,,,,,,,,,,,,,,,,,,,,,,,
1771277204.1710086,1253204,10,8,0,839.1,-31.4,374.8,165.1,84.7,171.8,1771277204.1442847,26.723861694335938,1,0,-1.6279674602244412,-1.2724577425177006,-0.15881604125833731,0.5458922873767812,-0.4828909686746199,1.6475527010816475,,,,,,,,,,,,,,,,,,,,,,,,
1771277206.7750168,1255808,10,8,0,833.7,-11.3,373.4,166.9,84.0,174.5,1771277206.7483735,26.64327621459961,1,0,-1.8327130645935221,-1.6514369551075214,-1.2145520055394838,-0.45914092604916606,-0.4877734335127821,1.6306691598481218,,,,,,,,,,,,,,,,,,,,,,,,
1771277209.375235,1258408,10,8,0,828.3,8.8,372.1,168.3,83.2,176.8,1771277209.3553412,19.893884658813477,1,0,-1.7850811854526882,-1.60374406422959,-1.28225758941145,-0.4257260797302253,-0.4879137070877548,1.5906623135868752,,,,,,,,,,,,,,,,,,,,,,,,
1771277211.9788883,1261012,10,8,0,823.0,28.8,370.7,169.5,82.4,179.0,1771277211.9287615,50.12679100036621,1,0,2.2093157911185353,1.8064944728336765,-0.30757616766262313,-0.3950975676766768,-0.49093947752811934,1.556714968497124,,,,,,,,,,,,,,,,,,,,,,,,
1771277214.5826502,1263616,10,0,0,820.0,40.0,370.0,170.0,82.0,-180.0,1771277214.5637014,18.948793411254883,1,0,-1.821029537776851,-1.6063027238129375,-1.3595858606525704,-0.3696611121050856,-0.4815003088124419,1.5053728983310213,,,,,,,,,,,,,,,,,,,,,,,,
1771277217.7429378,1266776,10,5,0,820.0,40.0,372.2,169.5,82.4,179.0,1771277217.736328,6.609916687011719,1,0,-1.7908075841669513,-1.6092046009019345,-1.2807434099310546,-0.3824134303092222,-0.495925341885134,1.555551485560168,,,,,,,,,,,,,,,,,,,,,,,,
1771277220.3470225,1269380,10,8,0,820.0,39.9,391.6,161.2,85.7,166.4,1771277220.339227,7.795572280883789,1,0,2.1647518831738126,2.029962046689439,-0.27882457255217125,-0.4080659995768341,-0.5055523334410166,1.633090173514912,,,,,,,,,,,,,,,,,,,,,,,,
1771277225.4746327,1274508,10,8,0,820.0,39.9,432.6,24.5,86.6,20.6,1771277225.4496632,24.96957778930664,1,0,-1.8673743362879505,-2.0445701724128207,-1.1863810767537324,-0.4700238398522752,-0.5110765787714918,1.7770312560014054,,,,,,,,,,,,,,,,,,,,,,,,
1771277228.075199,1277108,10,8,0,820.0,39.9,453.3,11.7,83.1,3.2,1771277228.049962,25.236845016479492,1,0,1.9959664582520174,2.2630550862423084,-0.20577094804576015,-0.5062899907169672,-0.5063806095478729,1.8387143179453458,,,,,,,,,,,,,,,,,,,,,,,,
1771277230.6786346,1279712,10,0,0,820.0,40.0,460.0,10.0,82.0,0.0,1771277230.656302,22.33266830444336,1,0,1.8594815758498546,2.1810108827519086,1.1146057433768903,-0.5243792790486131,-0.5101084147622132,1.8781115709652496,,,,,,,,,,,,,,,,,,,,,,,,
1771277233.2787933,1282312,10,2,0,820.2,40.0,459.9,10.0,82.0,0.1,1771277233.2590294,19.763946533203125,1,0,1.8479132709695874,2.208742871309293,1.2047039157238701,-0.5125997481950463,-0.49910118181678825,1.8376613674631475,,,,,,,,,,,,,,,,,,,,,,,,
1771277235.8824503,1284916,10,8,0,834.6,40.1,452.7,10.0,84.9,3.6,1771277235.8648217,17.62866973876953,1,0,-1.7935027818102054,-2.09594673219077,-1.233117891187649,-0.514584549481594,-0.5150570455325957,1.8729083110269982,,,,,,,,,,,,,,,,,,,,,,,,
1771277238.4826446,1287516,10,8,0,853.2,40.1,443.3,10.1,88.6,8.4,1771277238.4685953,14.049291610717773,1,0,-1.7974253619127292,-1.8604848652315962,-1.2923530958217126,-0.48519000637816206,-0.5089374323628865,1.8109547664518355,,,,,,,,,,,,,,,,,,,,,,,,
